{
  "metadata": {
    "name": "New Scene",
    "version": 1
  },
  "objects": [
    {
      "id": "1a2487bc-ae32-43fb-8b9f-4ba8abf818ec",
      "name": "New Object",
      "active": true,
      "components": {
        "Transform": {
          "position": [
            -258.10374195377005,
            -35.984314132698245
          ],
          "rotation": 331.7526193519076,
          "scale": [
            2.4998123299350925,
            2.4998123299350925
          ]
        },
        "SpriteRenderer": {
          "sprite_path": "",
          "layer": 1,
          "visible": true,
          "tint": [
            82,
            255,
            0,
            255
          ]
        },
        "RigidBody": {
          "mass": 1.0,
          "drag": 0.0,
          "use_gravity": true,
          "velocity": [
            0.0,
            0.0
          ]
        },
        "CircleCollider": {
          "radius": 176.0,
          "offset": [
            0.0,
            0.0
          ],
          "is_trigger": false
        }
      }
    },
    {
      "id": "242d0d2c-3e5d-4830-b310-721b0472eaf7",
      "name": "New Object",
      "active": true,
      "components": {
        "Transform": {
          "position": [
            -235.38606177853683,
            486.01119303608834
          ],
          "rotation": 34.833922217818746,
          "scale": [
            14.033809211808478,
            14.033809211808478
          ]
        },
        "SpriteRenderer": {
          "sprite_path": "",
          "layer": 0,
          "visible": true
        },
        "BoxCollider": {
          "size": [
            701.6904605904239,
            701.6904605904239
          ],
          "offset": [
            0.0,
            0.0
          ],
          "is_trigger": false
        }
      }
    }
  ],
  "prefabs": {}
}